cohortId,checksum,timeStamp
2675,720b67cfc4f06511d17f1e8c2e6ff8c4,2023-08-09T15:29:32Z
2676,7542511aedee21fad5dddbcaf0570890,2023-08-09T15:29:35Z
2677,dbd5274a8dab19ea0a0cb7c7f283e56e,2023-08-09T15:29:38Z
2678,9065967d52e71a1ff4d3b3cef750ac8b,2023-08-09T15:29:42Z
2679,82473f4b92fd07610d28a112f052be5f,2023-08-09T15:29:45Z
2680,6ee98933f8a033f4587c20dce0198e15,2023-08-09T15:29:48Z
2681,15a468953c5b3a2b679e107fb99b9ebc,2023-08-09T15:29:52Z
2682,e2b8a4897aca9d441cbf3c2d4d1783fd,2023-08-09T15:29:55Z
2683,208f75e4f4954f9a4f6ef50c5c804424,2023-08-09T15:29:58Z
2684,96091dc9fddb1ddf8fcfc192d0d693f2,2023-08-09T15:30:02Z
2685,725376fa51f9cff0379712daa36cc3a8,2023-08-09T15:30:09Z
2686,6edc0c4cad526e08d434e6b5937e69e9,2023-08-09T15:30:14Z
2687,b49053fd11fef4683d4225afc2af3e65,2023-08-09T15:30:21Z
2688,3bcb12ffba9bb5dec832998fcaa1b1c5,2023-08-09T15:30:28Z
2689,6fe36a393c63095bfd241b4341c30417,2023-08-09T15:30:33Z
2690,23ac5d83c58ef7a50b5c968d279231fe,2023-08-09T15:30:37Z
2691,ca20064b72de28d26c7e3c37a759f9a1,2023-08-09T15:30:45Z
2692,627ba936ec4d01f6eaeaee4b5e19f8e9,2023-08-09T15:30:48Z
2693,e8d5c9b2f576dbf8f1ac83d80fb6ad55,2023-08-09T15:31:05Z
2694,40110121124671cf0c7dc08e6f272bbd,2023-08-09T15:32:09Z
2695,239f8e3362d286c7922a2e9addd951c7,2023-08-09T15:32:12Z
2696,4ed290003f644e8c420aacf13e52f557,2023-08-09T15:32:22Z
2697,bb1c631156c76363dd5ddacb992aa8e5,2023-08-09T15:32:45Z
2698,e57a36ebe37709dd72728661310f1a9a,2023-08-09T15:32:54Z
2699,ff1570874b07f27bba69441d4a82e443,2023-08-09T15:33:02Z
2700,35c3dd47e7e7194703c8ef8c2185d594,2023-08-09T15:33:10Z
2701,bc8f42cf9b49df43865d81c92e346769,2023-08-09T15:33:19Z
2702,7c1389b05c1c0f7486d12196c3019222,2023-08-09T15:33:28Z
2703,2f2fc4d16126bd158296550b8bdeb29f,2023-08-09T15:33:36Z
2704,c89a43926fd0cbb62e3bc16c8418cf33,2023-08-09T15:33:44Z
2705,227fd571409c19638eb01651c6cf2786,2023-08-09T15:33:52Z
2706,f15b6298e588eb5cf543646accfe8cbe,2023-08-09T15:34:02Z
2707,3e54f5312532354470e416daa7699eed,2023-08-09T15:34:11Z
2708,598ec096f349fe47d455145f72df0676,2023-08-09T15:34:19Z
2709,99181a19aeb85099f1d470ba5dba1e68,2023-08-09T15:34:28Z
2710,8940c67e29f5d198881d3977e112b86e,2023-08-09T15:34:36Z
2711,74cd983345076f71a7c85f194409507b,2023-08-09T15:34:44Z
2712,cf7ebb16767b7562e429618995b9eaff,2023-08-09T15:34:52Z
2713,9b84ecdfa92b4c1175fd4f789848c143,2023-08-09T15:35:01Z
2714,376e2962bc50436eb8e63a90dcbe6044,2023-08-09T15:35:09Z
2715,ea650de357754d8c783a985e86f1ee54,2023-08-09T15:35:18Z
2716,d63100cfd419b3489c977882e3a93333,2023-08-09T15:35:25Z
2717,1dfd4e724a0917cef66e9a75ba9cd66d,2023-08-09T15:35:34Z
2718,9739dcb3927d10cc6fcb7cf5ca87cfaf,2023-08-09T15:35:43Z
2719,c358fda1903c7169b912bfdbc241c37d,2023-08-09T15:35:51Z
2720,ec0c2e1729c55e70cfe6941f6f970616,2023-08-09T15:36:00Z
2721,c25a6712e80f55fad975dcaf049fd609,2023-08-09T15:36:08Z
2722,cc128638e11d2322123845107b39c5d6,2023-08-09T15:36:29Z
2723,90514660e99ed1348d0305953f5e86ca,2023-08-09T15:36:34Z
2724,1611598cfe4a603c906e4700fd54a80d,2023-08-09T15:36:38Z
2725,26f22f7ef08f5ec68dd69452d568b64b,2023-08-09T15:37:20Z
2726,bdfc9692d5d89f7ac563a0d131642883,2023-08-09T15:37:27Z
2727,95873dd7683cc9c76d7fa419b3e6a945,2023-08-09T15:37:33Z
2728,17296967c0b9250ae58543a3a5232056,2023-08-09T15:38:00Z
2729,e5b6420314eab62d37213f9b3c630113,2023-08-09T15:38:08Z
2730,6328c870c4f74fa7cd0cd73330fa5ada,2023-08-09T15:38:30Z
2731,b4f485315a38e7b0eb4d88f51a41945b,2023-08-09T15:38:37Z
2732,7b518507f0ad2b539aa37df4a3ed88d7,2023-08-09T15:38:45Z
2733,2ab44e1be2d90008bfa29d46d461faa1,2023-08-09T15:38:57Z
2734,d4f674e6facd2440c82687d857dda9d9,2023-08-09T15:39:11Z
2735,ce804529058cb24cd1b10723ef5f667d,2023-08-09T15:39:34Z
2736,4f99826c39087fb125dbf38c1a8dcb4e,2023-08-09T15:39:40Z
2737,72df48bb229413c29eccaf6ed5c9f05e,2023-08-09T15:39:46Z
2738,8400f7b872b4bbd5ca5159ec648e2782,2023-08-09T15:39:53Z
2739,0dbd7c01482653627157c21dd70e9370,2023-08-09T15:40:00Z
2740,772b4d20fc81f8e67595872d4a141a5d,2023-08-09T15:40:06Z
2741,76e644774a2e9ac8b8be11d0a740156d,2023-08-09T15:40:12Z
2742,342f3c264b294d9d743f09be0f85ae57,2023-08-09T15:40:18Z
2743,5b4979bd18bf2ab6ec9f1ee0494acb77,2023-08-09T15:40:32Z
2744,787c3ceda1471213f92109a483bda8e8,2023-08-09T15:40:38Z
2745,2a51793d95241855bdc9d2b834cf7b1a,2023-08-09T15:40:44Z
2746,9fe7b9cac9b6dceb3f37b44311c66e79,2023-08-09T15:40:50Z
2747,d250d7c381a475c7933315f1065aa3cb,2023-08-09T15:40:56Z
2748,49918688f48b461fe9b3a8e3fa406a85,2023-08-09T15:41:01Z
2749,0f0f5742701cd393ea23d3c530c94a71,2023-08-09T15:41:07Z
2750,98f75b9c35c1e35b90c7daaae882bc66,2023-08-09T15:41:14Z
2751,f4f56adb59139cda49116d515d7e16e5,2023-08-09T15:41:19Z
2752,12691daebfd175c1c46a483f60695289,2023-08-09T15:41:25Z
2753,c62917fa197cf1a0255b991473866730,2023-08-09T15:41:31Z
2754,f9969ec816535040cb00496e949cf99b,2023-08-09T15:41:37Z
2755,377155cc8c6a4ac04b36e9dd48bd084f,2023-08-09T15:41:43Z
2756,1afeb18c7e9529afeac59e7173c51fd3,2023-08-09T15:41:49Z
2757,2f913e0b56e4c56d98855f1596e87631,2023-08-09T15:41:55Z
2758,7feeb0c51302d0d6a847cda3bc20a0d4,2023-08-09T15:42:01Z
2759,82230724d4d15138953d5a18cf2d590f,2023-08-09T15:42:06Z
2760,0ca1fc8f093cf2bb249512b16c84d688,2023-08-09T15:42:15Z
2761,ff134837230f7a79c5ce823102b2c2f1,2023-08-09T15:42:23Z
2762,df5b18f5865c1b280544fc900e981a1f,2023-08-09T15:42:31Z
2763,04d434dcd463e73c5cb3f4391a3c8475,2023-08-09T15:42:55Z
2764,1d1d29d2d14942056c6963b417377caa,2023-08-09T15:43:02Z
2765,6528bbb5a3674ee58fd1cb26b75b43d6,2023-08-09T15:43:13Z
2766,382dcbd6f6607803f6ac39cb9cd44f13,2023-08-09T15:43:23Z
2767,af882836b7a6befc2f9069cc525fa4f2,2023-08-09T15:43:30Z
2768,7ea9294d23ccf86fbb7bc5327cb13188,2023-08-09T15:43:38Z
2769,28470c4b00d794391fec501448ff2d0a,2023-08-09T15:44:00Z
2770,069b1fc06b37ccd0e481415ce50b741f,2023-08-09T15:44:08Z
2771,30d829a5550be5ffdb87faee70561424,2023-08-09T15:44:39Z
2772,fee1a2ccf582099f2aa974217512cbac,2023-08-09T15:44:50Z
2773,f0f6c364b580586127d9114ddf3bb643,2023-08-09T15:44:59Z
2774,b20199c8aecbf1ef286eb7d04a905547,2023-08-09T15:45:07Z
2775,57984cb594cb0f36fffd447de3d751c2,2023-08-09T15:45:16Z
2776,f7fef82c4d0fc4269b14d229fb291749,2023-08-09T15:45:24Z
2777,760ff683212f488db5ef3255206e5fcd,2023-08-09T15:45:44Z
2778,7a18c2676b5f399aeaa0b35bf663a57b,2023-08-09T15:45:55Z
2779,0e4808ef14e5b22619fdf97a530851bf,2023-08-09T15:46:02Z
2780,69b984637e790aa376e9defe5b3b4f86,2023-08-09T15:46:11Z
2781,26bfd2fcf372c16620c40bfd026a1f63,2023-08-09T15:46:19Z
2782,63929c2159df9a460d11cfaae8fea2cc,2023-08-09T15:46:26Z
2783,c33de115360461efa4fdd4f78b42e3a3,2023-08-09T15:46:34Z
2784,6ab15e30cf77be60a1288ccd7473ccd4,2023-08-09T15:46:42Z
2785,4cee57f37092ff5589063e1d97ce26f9,2023-08-09T15:46:49Z
2786,1537c32a5b74e5e6dd476581f890b162,2023-08-09T15:46:57Z
2787,d4b2d88bc3d3aa44e5bfb67d78385ef2,2023-08-09T15:47:04Z
2788,43e058486ff54a03ac2f6acf41f13985,2023-08-09T15:47:12Z
2789,c09b6d88cc9f3da21b8c28475a0ef676,2023-08-09T15:47:20Z
2790,69b1aee80b49636b076c43f078c024a5,2023-08-09T15:47:27Z
2791,74639053d03ee18117f8eb02527ca392,2023-08-09T15:47:34Z
2792,7c1ff9b30aa5b2b7f3bd4d90de93381c,2023-08-09T15:47:41Z
2793,474937e2b3cc4e8ca524b83cfd486cee,2023-08-09T15:47:49Z
2794,6219c117a4d0b7c0072c62ecfa58f819,2023-08-09T15:47:57Z
2795,e447802c481adee6ac59faec15ecdb13,2023-08-09T15:48:04Z
2796,b3b82eca9c9e99a26dc49cc7dcd834ff,2023-08-09T15:48:11Z
2797,06af0b299778d9ac66c09e87367ae5f4,2023-08-09T15:48:18Z
2798,bf1b84a20821e74cbdef820989cc7ede,2023-08-09T15:48:25Z
2799,b5a784405fefe6133e8227acea8973fb,2023-08-09T15:48:35Z
2800,cba8c24a7239450f16465bc00082d4e7,2023-08-09T15:48:41Z
2801,9dead8b6bc97c023d357db9935516c4c,2023-08-09T15:48:48Z
2802,0385f18a7228e3b93bcf7ff49484fdbc,2023-08-09T15:48:57Z
2803,a1b65168504da649c48e1530d6107d16,2023-08-09T15:49:04Z
2804,33f1d83519a585ccbd662f46594ddc5d,2023-08-09T15:49:11Z
2805,a0bed1bb392fa501b84a855328394519,2023-08-09T15:49:19Z
2806,c5860d6851cbc0c7d6c62994f3b99767,2023-08-09T15:49:30Z
2807,5949e6c1a0929f801d0b79d0cbfb02af,2023-08-09T15:49:46Z
2808,df1736e4b899080afbffa34e2a4f0327,2023-08-09T15:49:55Z
2809,5ca08318a660ab7a7e7cc813473f7ac3,2023-08-09T15:50:02Z
2810,b37cfd85bcb2dcb5c033cf24a5ee2844,2023-08-09T15:50:10Z
2811,762bb6b1085596f26c8a15de0de8a02d,2023-08-09T15:50:17Z
2812,4186510a716eddcadaeb3748106b5743,2023-08-09T15:50:25Z
2813,09ffc851cdf45b646fb6561c91e05bb9,2023-08-09T15:50:33Z
2814,a034a44da72e3a6cad57fe62d4fa511e,2023-08-09T15:50:41Z
2815,71c3784ad43dac42b77bd93b904975c9,2023-08-09T15:50:49Z
2816,a6e1fd79aa38d03848b7a95ecc3ddf21,2023-08-09T15:51:01Z
2817,2c9ded0722582511ca4c87b2912e0f5f,2023-08-09T15:51:10Z
2818,798344fc7f90f6233e77d59178853994,2023-08-09T15:51:18Z
2819,2c66fa47c53634431039d0f0ea04e03e,2023-08-09T15:51:25Z
2820,ac61fc81a4ac2a25c528fdaaadd138ce,2023-08-09T15:51:33Z
2821,9cf53f845b93a064b1473898e7d3830c,2023-08-09T15:51:41Z
2822,c76b5821f8152d72115d72aff2fa07d9,2023-08-09T15:51:49Z
2823,29042d237c322b64db64e590c9f1bca9,2023-08-09T15:51:57Z
2824,36baddad62e86fa89c34c37df9e57df1,2023-08-09T15:52:05Z
2825,4f511e5cd6f0ea0de43b6bce3e1a717c,2023-08-09T15:52:17Z
2826,608dedea84935d323a5e3db99f395892,2023-08-09T15:52:24Z
2827,b5297b0d45b3af9c897263f71c96847e,2023-08-09T15:52:34Z
2828,b8df6a989b8f4899c143e7f8e7a7af95,2023-08-09T15:52:41Z
2829,8a47de5b9e08e9e083c39c2024d4af5a,2023-08-09T15:52:49Z
2830,bc54e6072e56b2fe7c429059f05f3d89,2023-08-09T15:52:57Z
2831,421ded6706070f92f01346f68eb6ffa1,2023-08-09T15:53:06Z
2832,7e6a10b2b923f13efa60d64d9bd46a9d,2023-08-09T15:53:14Z
2833,9edc24b18ca26e9d79744e5ebfc7f2d1,2023-08-09T15:53:22Z
2834,624119d0e1f4bc3b2410ca999f261d07,2023-08-09T15:53:30Z
2835,7461b4e0cf0310cc39b39d6194c8dac6,2023-08-09T15:53:38Z
2836,b5c395467ac0d6f6ef51d95f92985e08,2023-08-09T15:53:49Z
2837,d7369bc8ee956b54a62bdbceaa875bbb,2023-08-09T15:53:58Z
2838,0df6641f6a7a273fc683bfee61a08571,2023-08-09T15:54:10Z
2839,390d563e2452eb2c2123ac4358e9461f,2023-08-09T15:54:18Z
2840,e60220513addbe4bf2d4016f9e0da610,2023-08-09T15:54:26Z
2841,b6d7e9b7aeaee3237310103f0192f9f9,2023-08-09T15:54:34Z
2842,b65159c5708e96b686d7bb13ea41aa2a,2023-08-09T15:54:42Z
2843,45d0635c06d21ab9702360faf9e38736,2023-08-09T15:54:55Z
2844,ae3d61f980101942638c463d0a65dd10,2023-08-09T15:55:04Z
2845,7ea5d67132ec27e1c84bbb2df56222d4,2023-08-09T15:55:12Z
2846,25f311fc3b68553e355c58d9b1e5d5ed,2023-08-09T15:55:20Z
2847,45810650fb5a339d851f4b448a20fd60,2023-08-09T15:55:39Z
2848,962f0e0d7ee969f54fd283e98b4fc670,2023-08-09T15:55:51Z
2849,e2aa00998e722b31adc13dbf8ac460a5,2023-08-09T15:56:02Z
2850,51a1fe5ae6fca32573240734a3806863,2023-08-09T15:56:11Z
2851,1f153c9818619302aa67f2197f234c35,2023-08-09T15:56:19Z
2852,4dfe4fc1f9f6080dc01e3dc83a6d01ed,2023-08-09T15:56:27Z
2853,57e6604476d559ed33286fc49be85d6b,2023-08-09T15:56:36Z
2854,d8c281c89bb45cae1b3553eeb8dcc5fd,2023-08-09T15:56:42Z
2855,f5e926e5803dd7eb7438963aa9209352,2023-08-09T15:56:51Z
2856,dda87253412cd6371525e425addb4553,2023-08-09T15:56:59Z
2857,940349e7014b256cdeb0d35b6ce10d5e,2023-08-09T15:57:05Z
2858,b3ff05de6214f9dab7ee2dfb53170a57,2023-08-09T15:57:12Z
2859,ce3ad459673dce1830064dacc31758aa,2023-08-09T15:57:34Z
2860,ff574cf2f9aaa26554a3415b5e6cc2ca,2023-08-09T15:57:41Z
2861,89e0eff40b0ee42254ec90abb0482481,2023-08-09T15:57:53Z
2862,da07fd53a5725ece24cdad314c58d0f4,2023-08-09T15:58:04Z
2863,6d5674480a93aacc711e891c298ba616,2023-08-09T15:58:16Z
2864,8f9c102d00403b1d2ffeac5b31cb9d2e,2023-08-09T15:58:28Z
2865,01848e00fb3e1604f908e999d2682d73,2023-08-09T15:58:40Z
2866,a573a7cdcddf9c2e63354155927cfb96,2023-08-09T15:58:51Z
2867,aae9779303b548e5c9c5b0797d568ffd,2023-08-09T15:59:03Z
2868,ef2e20de75a7740701131db3b24b9f32,2023-08-09T15:59:13Z
2869,9a2ff2abe4c8c8d6e1b85046a4c13d76,2023-08-09T15:59:25Z
2870,15c477b85196750fa408926b877094db,2023-08-09T15:59:37Z
2871,1c70c4349687d3109f90e43c473aad8d,2023-08-09T15:59:49Z
2872,17d4424bb40bf85661f462da9d073634,2023-08-09T16:00:01Z
2873,9d252a785692f05d96851b2b1d75b052,2023-08-09T16:00:12Z
2874,99c52ce29da6bc746d1675e36c8dfa15,2023-08-09T16:00:23Z
2875,16cbc7032688b0caa22692aa2d472039,2023-08-09T16:00:35Z
2876,893e479de9111a0bf77a0554c4840477,2023-08-09T16:00:47Z
2877,48640415756005b39e03634c131cc4f8,2023-08-09T16:00:59Z
2878,2d6512b96b42efa2ccad6c483ac47954,2023-08-09T16:01:10Z
2879,4ee8042c08343e167edf5207bc2458dc,2023-08-09T16:01:21Z
2880,2f028a6706d92b9cd5f911f034fd2f4b,2023-08-09T16:01:32Z
2881,15ba6175a6b090e522f7f1b6db507800,2023-08-09T16:01:43Z
2882,b292429baee8d1d8e900875f4af158ea,2023-08-09T16:01:54Z
2883,34ff4da8cf346ab1939b630065d208d4,2023-08-09T16:02:06Z
2884,8a6fb0edc7e6522fb1a61ee42bd35633,2023-08-09T16:02:17Z
2885,434b230c19219e923094740d25437e38,2023-08-09T16:02:30Z
2886,fdd77af25108d3bc70bf52e6584c4be9,2023-08-09T16:02:41Z
2887,d8e500a22a9a2e9d964cc9b99fd24038,2023-08-09T16:02:53Z
2888,af655e2c7cb7aef7c4f9e87f5704ead1,2023-08-09T16:03:04Z
2889,04dc25b8f55fc618a5f0f5359830bbe7,2023-08-09T16:03:15Z
2890,5842fe364e3ff545e8ed9ddb79c59306,2023-08-09T16:03:27Z
2891,a7fe20165e96b5674f87e0dc6f6a2874,2023-08-09T16:03:39Z
2892,0d081f0463defbb7f46f04f6d1f3b7d8,2023-08-09T16:03:51Z
2893,6b81d351a2a803887d6ff012e8a51e02,2023-08-09T16:04:02Z
2894,3537747d75813816585b4785af49da30,2023-08-09T16:04:13Z
2895,322c86eaa6371772aa8dfbd169a3f687,2023-08-09T16:04:24Z
2896,ed8891f455fbd2ee32184ff3bcd8d153,2023-08-09T16:04:36Z
2897,7f54b331c3e0c5eab519979b7908d77d,2023-08-09T16:04:50Z
2898,99b4e7fc6853d10f8915941df036e822,2023-08-09T16:05:02Z
2899,f86dce74f7f43870134af31aa2fe16b1,2023-08-09T16:05:14Z
2900,5ceb197713cef85b5eb8b21e51e93d9a,2023-08-09T16:05:26Z
2901,5edc933995bd43bd17b5c49a937d7d0a,2023-08-09T16:05:38Z
2902,0787df145f918c6c948eb6c779e19705,2023-08-09T16:05:49Z
2903,5727ae0c7ebdad38ad72820868068131,2023-08-09T16:06:00Z
2904,fe3c3cdd2dd5767f9c81921c15fee6aa,2023-08-09T16:06:12Z
2905,1632a0d2d4d9856151b5fd99c9c8a673,2023-08-09T16:06:24Z
2906,9893b304cca0421bdee8c9b0f6ea0a98,2023-08-09T16:06:36Z
2907,8381644bbe49a612c8bfeab6cbaeb57a,2023-08-09T16:06:48Z
2908,a9535037c596c1d2a3b006898bddd79f,2023-08-09T16:07:00Z
2909,ac9b4a2d57981b134ce3fe6f2f416f4b,2023-08-09T16:07:11Z
2910,fff587ff3ee3d6ebf2d52cb2a7a0b5a6,2023-08-09T16:07:24Z
2911,513832a18bad563e2ad08215286af7d2,2023-08-09T16:07:35Z
2912,ee304ad872fcec25146f2152c9bee6bc,2023-08-09T16:07:48Z
2913,ff1d2537662435a5460e2fb59859dbe7,2023-08-09T16:07:59Z
2914,fdb3a613b3a3da2a3008f47e899714de,2023-08-09T16:08:10Z
2915,2e96247255873e082c0d16489b5cf40b,2023-08-09T16:08:22Z
2916,43cc6104a5903b9c299d805b2a2027d3,2023-08-09T16:08:33Z
2917,3ecf5d0c476ae564f272f8ae8fb77197,2023-08-09T16:08:44Z
2918,ec8d079626a223165bc02a6921bb4bd7,2023-08-09T16:08:56Z
2919,5f023029d749d1eb4fd80b0cfa046f20,2023-08-09T16:09:08Z
2920,efbbdca2451d4abd982d013468465abe,2023-08-09T16:09:21Z
2921,6a3bb93636faa86c2a1d145428b7d526,2023-08-09T16:09:32Z
2922,16bcf6a0424ea43416e9d9c14128e2f4,2023-08-09T16:09:44Z
2923,17eb4933840d6108f2032921dd18365c,2023-08-09T16:09:57Z
2924,ad696fc850d5bd76ec729ffc5a24c70f,2023-08-09T16:10:08Z
2925,7ef450ed05b2ab7ad92a62284b2b18ac,2023-08-09T16:10:19Z
2926,51755a50cd0874d0f3562fe33b4b7746,2023-08-09T16:10:30Z
2927,72a4865c7c55cd1e6870d12a816fb561,2023-08-09T16:10:41Z
2928,ac7d07588ada62c3c8a561edd1ade4fb,2023-08-09T16:10:52Z
2929,ac4db4e3b90e20d0cac47dab9638be2d,2023-08-09T16:11:03Z
2930,7dcd0bc9a8b573a2f83116bc91762749,2023-08-09T16:11:14Z
2931,3f28ad40252dd806c0115da868629075,2023-08-09T16:11:26Z
2932,63530e951a76c2fefd4945adec2ef5c8,2023-08-09T16:11:38Z
2933,e902c635ca98ccd349f06d76da2d5b2a,2023-08-09T16:11:49Z
2934,508f16c9606b117b3352453afa0f51c5,2023-08-09T16:12:00Z
2935,54c3caa03ef56db3c0979176723d5fc4,2023-08-09T16:12:10Z
2936,93ad18dab537b036f7c5ff00c28b8de8,2023-08-09T16:12:21Z
2937,150b46b10b849e88737466e593343cb8,2023-08-09T16:12:32Z
2938,8aa2b4f3e3e0600d97b13d3c65141d0e,2023-08-09T16:12:45Z
2939,938637fff8d80b59fb53ed78ff157fee,2023-08-09T16:12:56Z
2940,35dcf53c58d8b6e8510eefe423e32792,2023-08-09T16:13:08Z
2941,7b3fe3df6dba3ce96cf1f34ec8eca7e2,2023-08-09T16:13:19Z
2942,4d197aa552e4e3f97f7e6b210eb306a2,2023-08-09T16:13:31Z
2943,8b041424fddf15a00cd48ca1f155aca3,2023-08-09T16:13:43Z
2944,f5fa863c4534a7173704f23ba3e7c3d7,2023-08-09T16:13:55Z
2945,6c199f75846e0126292c5e98500a395b,2023-08-09T16:14:07Z
2946,79debbf9b70e6628bbb796993c985d53,2023-08-09T16:14:18Z
2947,3c973e9b5934655f75f31ec17876655d,2023-08-09T16:14:29Z
2948,9d6cfaa9639a4806b0c2fee2e10e9d6a,2023-08-09T16:14:40Z
2949,9e42d09d2e0e2e77e965c813b4efe8b3,2023-08-09T16:14:51Z
2950,35d7cdac6e127f11835b97588e57e081,2023-08-09T16:15:03Z
2951,0972bc42909c9e1ff2ea4af75261bab9,2023-08-09T16:15:13Z
2952,fb29168e9799e6f90ac75f7a27948fac,2023-08-09T16:15:25Z
2953,c46661623482c37af10b6398d5f9ddfc,2023-08-09T16:15:36Z
2954,48475e8345c7d751e18e042d9831b043,2023-08-09T16:15:49Z
2955,29f45ad83e74459fd3b4361c4eef82a3,2023-08-09T16:16:00Z
2956,3f2517e3a9c721e4f1415e823ce969d5,2023-08-09T16:16:11Z
2957,f992cdf6434ceb81f609274daa5476f4,2023-08-09T16:16:23Z
2958,afa1573051a39dbb4d21f04241755634,2023-08-09T16:16:35Z
2959,01bf33302a445ad1ef30387b6a2d420a,2023-08-09T16:16:47Z
2960,119a172b55679892c709a59dd7516e81,2023-08-09T16:16:57Z
2961,e81faeea4b7995c82eb72aa853f93b6b,2023-08-09T16:17:08Z
2962,1b7051dde788efdcbf6f0abcb79361bc,2023-08-09T16:17:19Z
2963,8541158f8d8198d6b698c4071034e6fa,2023-08-09T16:17:31Z
2964,6ae5730389db8807b84caefb88d77ca0,2023-08-09T16:17:43Z
2965,052714cf2baf347013343b4b6bba4c24,2023-08-09T16:17:55Z
2966,311f0fc65cb9f620b9137997dccb6d7a,2023-08-09T16:18:06Z
2967,5763e1d9c71da724beaf3850e430bd95,2023-08-09T16:18:18Z
2968,27891d16f0680bff9f8e0230a4edd574,2023-08-09T16:18:29Z
2969,2a0213bbdff396564c8b61b05d36aa56,2023-08-09T16:18:40Z
2970,2b3406d6bca61e812496d3d9c0341323,2023-08-09T16:18:52Z
2971,b705404fc5e714b5db1aa70b8ffbb99f,2023-08-09T16:19:04Z
2972,447b315df691f9e8c1aec017fd956a5e,2023-08-09T16:19:16Z
2973,1f3de90835df44ee74e48db0e7cc71a2,2023-08-09T16:19:28Z
2974,9d867113a952cad09192134512bbca5d,2023-08-09T16:19:40Z
2975,054f257ff08974fa13e74c875e66c652,2023-08-09T16:19:52Z
2976,941c3519315ffe6c02e9655a3c6bb920,2023-08-09T16:20:04Z
2977,43129c507f24dca4d584aec115f013e9,2023-08-09T16:20:16Z
2978,8e5ec58811710a37ef6e18ccc81fe279,2023-08-09T16:20:29Z
2979,3c4b7347149af29239bb49fb723f9b9a,2023-08-09T16:20:40Z
2980,f68fec9d6d2884637a57c61cc0ecaee3,2023-08-09T16:20:52Z
2981,1f12bd991898943179292f63a0ab2411,2023-08-09T16:21:03Z
2982,13f1884767c2531e96ba0628f0c0d9f1,2023-08-09T16:21:15Z
2983,189691ebc026cd0be3737534d89537cf,2023-08-09T16:21:26Z
2984,6eac3c5258c0a9085721a854d77934d4,2023-08-09T16:21:39Z
2985,d3b1827cb8ba61746b193ef42d653bb6,2023-08-09T16:21:50Z
2986,02ae82c22668e15837f8bc369b9f793b,2023-08-09T16:22:02Z
2987,645bb39de69d59dcbfca6fc6353711ba,2023-08-09T16:22:14Z
2988,b5bfdb12e5068a7979161da4616042e2,2023-08-09T16:22:26Z
2989,954bea2552c1dc744473bcdb96750b5a,2023-08-09T16:22:39Z
2990,80df791ac9c395ba68725992ac154114,2023-08-09T16:22:50Z
2991,a17af0509f3796b19d81b5a0d1e5daeb,2023-08-09T16:23:02Z
2992,f0a7cfc7d6aad8ecbb7eac675b5fcdaa,2023-08-09T16:23:14Z
2993,6b1267fce94b76c78566650ed85b0041,2023-08-09T16:23:26Z
2994,255aebeede0e6fabd38ca945fcd7ae40,2023-08-09T16:23:38Z
2995,62ac2985e5dfc4c150f9ac46c6f942e3,2023-08-09T16:23:49Z
2996,2ae6b40d626383573861455e1611dcbe,2023-08-09T16:24:01Z
2997,4451c5eebfdade7d7e9f3baa0fe3a55e,2023-08-09T16:24:13Z
2998,f78ca719a443d20434561c5ac49d7f5a,2023-08-09T16:24:24Z
2999,20d0e15378d5416ec4e0c0dc8adc2b49,2023-08-09T16:24:37Z
3000,9f64fc9196060e237aec29d114b55647,2023-08-09T16:24:48Z
3001,9543c301455a0ed2faa7a47416c9372d,2023-08-09T16:25:00Z
3002,12bebacfd86381aa29956030a575aed8,2023-08-09T16:25:13Z
3003,36ee13a7227c049fb175df8b137d00ed,2023-08-09T16:25:25Z
3004,8076f3c7665f5e2ba2796091b1ed3119,2023-08-09T16:25:38Z
3005,0ff0157d7c70a9e9e12d87adf091f77b,2023-08-09T16:25:49Z
3006,ee5259a68f21eee18a1162ded0f68c21,2023-08-09T16:26:02Z
3007,49252332d47007e8285a2df4d2ae24af,2023-08-09T16:26:13Z
3008,63fce5dacccc2eeed992b218b3653d8a,2023-08-09T16:26:24Z
3009,35c5a07d83d628f67d11479781f92328,2023-08-09T16:26:37Z
3010,55bc4f5fa426c70c0f0a655066cafae5,2023-08-09T16:26:48Z
3011,948181eb620b5f08e5898a9387517ccd,2023-08-09T16:27:01Z
3012,dede934a5307e129f575da7959a97239,2023-08-09T16:27:14Z
3013,e41ac63625ab7b0ad4e4f6f0de91bbc8,2023-08-09T16:27:26Z
3014,6c01d55886d7ed37a3a3f25c074b739e,2023-08-09T16:27:40Z
3015,283766083a03fffa8c2ecc7c1f9a5011,2023-08-09T16:27:53Z
3016,6878fb2fbed450e17bbc7157d8240c0f,2023-08-09T16:28:05Z
3017,317cb657bc6e1b55aed046f1c3b3c5bd,2023-08-09T16:28:17Z
3018,b2c24d13abf9e2c3045afd71bbe52ede,2023-08-09T16:28:28Z
3019,dde8a947c1168a59bb38b3947dfe23d4,2023-08-09T16:28:41Z
3020,49dbf6bac6e87769310d9c3a9d66137f,2023-08-09T16:28:54Z
3021,4197904157a5cc42fd51efe98cd981b3,2023-08-09T16:29:06Z
3022,a7e79360cd6bfb3b4573e56f9f72903b,2023-08-09T16:29:18Z
3023,9e62dafe6459ed9185c48ce92cd9056f,2023-08-09T16:29:30Z
3024,d603396a6bdebb03a7814292e1a0e295,2023-08-09T16:29:50Z
3025,75457640097cab1640ad3e26c102f192,2023-08-09T16:30:01Z
3026,53eee6e9476837615280d66d4b0074df,2023-08-09T16:30:09Z
3027,ac59114b85118f99f6dce80487459252,2023-08-09T16:30:18Z
3028,a0560b72de79ff9e3b77d2eeb2f9201a,2023-08-09T16:30:27Z
3029,2a92e3e3025ea6b87310f0af6f3b1c03,2023-08-09T16:30:41Z
3030,30514fd14fdbf8c8015eb3c3b6ed94c1,2023-08-09T16:30:49Z
3031,22c145e9b848348a3c39d845f06de78d,2023-08-09T16:30:58Z
3032,c2b0d880d1e0f64e3036c9c20b0aaa6d,2023-08-09T16:31:07Z
3033,e74219073fba2531543479f36bbb8913,2023-08-09T16:31:15Z
3034,bb333fd9795f528560bd3ad1fb026a82,2023-08-09T16:31:24Z
3035,2ff79bc1c77400ae35aeb308a03dff94,2023-08-09T16:31:31Z
3036,ed35006cc8d4585aba58921f96a02b00,2023-08-09T16:31:40Z
3037,1d643c62b529146228a5724b1749838c,2023-08-09T16:31:49Z
3038,d3a7486be572b84114013fd6ba806237,2023-08-09T16:31:57Z
3039,d7a93342da86b061e7c2c8127209ef2f,2023-08-09T16:32:06Z
3040,e5ecc6bb4ef8889f8b4761815de313d7,2023-08-09T16:32:13Z
3041,03a29eff6efa7c073649f35bde84bdbe,2023-08-09T16:32:22Z
3042,a1c9dacaf95d7121f7e25b1f41661a4d,2023-08-09T16:32:30Z
3043,27855ea68f4a772f5d86e3475004ae6e,2023-08-09T16:32:38Z
3044,0749f48c65b886422a6f0682862668e1,2023-08-09T16:32:46Z
3045,654fbe463c16848d8facebb70a0d140d,2023-08-09T16:32:54Z
3046,01ff3a2e69068cc81260e429b6be7968,2023-08-09T16:33:02Z
3047,63d4737b38fc10b7553c07ea036997e9,2023-08-09T16:33:10Z
3048,4667894880975dbc716f9f83d1365dab,2023-08-09T16:33:18Z
3049,3acb68e92ce76395bf001be1147116f5,2023-08-09T16:33:25Z
3050,d75f290b83c83b6e7c5a0281c164bda9,2023-08-09T16:33:33Z
3051,292c75a817569e40a31576bc2eb3fa00,2023-08-09T16:33:42Z
3052,597c53f874142cbb32512f4cc76ac212,2023-08-09T16:33:51Z
3053,bc5e782873e523257773c4a61494d82b,2023-08-09T16:34:00Z
3054,bef3bd5a3901b86cd46514b390fd25fd,2023-08-09T16:34:08Z
3055,b90cfeeae199266e61953aec29727523,2023-08-09T16:34:16Z
3056,e6359a214c1a8c04e010f2ca832bbf1f,2023-08-09T16:34:24Z
3057,53668476c9ecc0c172cce26337e76d57,2023-08-09T16:34:32Z
3058,4657438bcb42b89489955c91d1088cd1,2023-08-09T16:34:40Z
3059,ddf247147932bc774f27a64ddfa1707a,2023-08-09T16:34:48Z
3060,f4ec539db477ad413085cb4a549de07b,2023-08-09T16:34:56Z
3061,c6a886c0f180d86789f4853ee532f80b,2023-08-09T16:35:04Z
3062,3a6c7f7a6c64de627a28647443151123,2023-08-09T16:35:12Z
3063,6d7cd997c110d4d772a90ceac4cde49a,2023-08-09T16:35:19Z
3064,df4649a33c7df70cfc47c94bd3d3b69e,2023-08-09T16:35:27Z
3065,90aebef0517537dfbdbb59ab0aacf325,2023-08-09T16:35:35Z
3066,43d409847744b8cf512584457324346a,2023-08-09T16:35:43Z
3067,33cf7d710fcdd7909c51cd042c333524,2023-08-09T16:35:51Z
3068,c9d42c34dde55b6bc2ee71f53d5dde26,2023-08-09T16:35:58Z
3069,02ee537a45b1d654b8f48affe015cc8d,2023-08-09T16:36:07Z
3070,86af23c6b647e53fd4d275d65f09b97c,2023-08-09T16:36:14Z
3071,364e15d08ca1d612db14de22dd554165,2023-08-09T16:36:24Z
3072,7e68704240dbb1f8be39261d4cc958a8,2023-08-09T16:36:34Z
3073,bac0d597edf5f689a4ab3c66d576e055,2023-08-09T16:36:42Z
3074,cd119331609fc38299bf6260fb4417ea,2023-08-09T16:36:50Z
3075,a342cf287d8fa16bbe5a45779346f6ce,2023-08-09T16:36:58Z
3076,2b49da23e5d471319ef6008fe71dfe7f,2023-08-09T16:37:07Z
3077,503bd443a5661ae17a40cc2ba9324d56,2023-08-09T16:37:15Z
3078,b20d37999e967ecaa64214c25cf60c04,2023-08-09T16:37:23Z
3079,8ad8ae248c2a6f2869afe3a3e3b48ae1,2023-08-09T16:37:31Z
3080,7a9e4002d18efa7fd58f99f3e6030d3b,2023-08-09T16:37:40Z
3081,9aa51d8f7222ff8edf06291c014690e6,2023-08-09T16:37:48Z
3082,04fa870c7e5233ca81eb39bb40c3b272,2023-08-09T16:37:56Z
3083,34b4adb5e9cac9146292a91a1ebdeb82,2023-08-09T16:38:04Z
3084,6e8debf9e828fdb027bda5789f618f7a,2023-08-09T16:38:13Z
3085,7daae6897cbfce6d8d9884b40b732ea7,2023-08-09T16:38:21Z
3086,26fdd4207180f83bf64762560c5b9387,2023-08-09T16:38:29Z
3087,99ed0484f1b2a963eeb2bfab0f7f6707,2023-08-09T16:38:37Z
3088,6c8f3dd215f58e3b2b7a86400083137f,2023-08-09T16:38:45Z
3089,120a5d1cea86cc435c5b6a87cd246ee3,2023-08-09T16:38:53Z
3090,d966436f694a2ada6071a6f9f2de50b2,2023-08-09T16:39:01Z
3091,1fc979c5479e7a5b8f6759855a320cbb,2023-08-09T16:39:08Z
3092,27be24e4a3ae5e2d34392e64f7645c5a,2023-08-09T16:39:16Z
3093,7f89bde2aa8441bf7de97118bde30c04,2023-08-09T16:39:25Z
3094,b381a9c017769e9a404e43adf3197d36,2023-08-09T16:39:33Z
3095,421d72bfc9788024733dadb36a96b08e,2023-08-09T16:39:41Z
3096,d1eaf92ce42f192e36f86008ac3f73f5,2023-08-09T16:39:49Z
3097,875d3abab19d45b8b4ba2689af873f30,2023-08-09T16:39:57Z
3098,3be654f7114072ead66b509f7224d941,2023-08-09T16:40:05Z
3099,249e13c140a26ec83e348971fe617c1b,2023-08-09T16:40:13Z
3100,d6477dff96001ec1569c0820447f3c17,2023-08-09T16:40:21Z
3101,d0a32cfb52c30ccff0c7a9c4953b4a6d,2023-08-09T16:40:29Z
3102,53d71c56b3aaf8122489aa08f7af7051,2023-08-09T16:40:37Z
3103,484f075bc3db8df581204cd7c6788290,2023-08-09T16:40:45Z
3104,377aab4c071931bacbca515598868d9e,2023-08-09T16:40:53Z
3105,acce9eb3d926bbc2fc84974847c1645f,2023-08-09T16:41:01Z
3106,19f5cf9bb7e46ada8aadd78076e8eb37,2023-08-09T16:41:09Z
3107,d5c7ee494569c7d6863411fe5a5854d6,2023-08-09T16:41:17Z
3108,1e192e27212fe35e1ca761312aac0347,2023-08-09T16:41:25Z
3109,bbbe99aef5bff3b17276fc853614bdf7,2023-08-09T16:41:33Z
3110,9d088d00f6a459e4caaa0afe054a88d3,2023-08-09T16:41:39Z
3111,746ffec003d4157554757876767fbf5f,2023-08-09T16:41:47Z
3112,61db378bd4816d2f55ab6095d17f736c,2023-08-09T16:41:55Z
3113,05f3f84d5b41c328868438c9ed1fcb5f,2023-08-09T16:42:02Z
3114,d549e29504544193836d5650c869a851,2023-08-09T16:42:11Z
3115,7dc8980d0d82864e733972cc073ee097,2023-08-09T16:42:19Z
3116,b63145cca97ad543849790ace120b04b,2023-08-09T16:42:27Z
3117,1b01475e21741903791f0b2bd005be9d,2023-08-09T16:42:36Z
3118,be587a4a28015da124dd96b404b67b6c,2023-08-09T16:42:44Z
3119,7819a453b96e9f34199c2597fac799e7,2023-08-09T16:42:51Z
3120,74ca690d87514d9f6c5c468cd61fc5dd,2023-08-09T16:42:59Z
3121,4082fa7f21816892e66088cab5358e61,2023-08-09T16:43:07Z
3122,02d7b4782d807224d0c9e3b757563d18,2023-08-09T16:43:15Z
3123,c6d767d0615482c5300cd8dec0f93ab5,2023-08-09T16:43:23Z
3124,6ea2d8865c74bd4558768b781a70828b,2023-08-09T16:43:31Z
3125,2786525f900a4c56c6084913b07d1067,2023-08-09T16:43:40Z
3126,fa90860cbe7c690d3050f9c48b71c30e,2023-08-09T16:43:49Z
3127,ffe2461babf75b00808378581588bc95,2023-08-09T16:43:57Z
3128,2f5c19118d0d24e29229e8c46927fb29,2023-08-09T16:44:05Z
3129,de0d3742b223b778778239f262e4eba2,2023-08-09T16:44:13Z
3130,f45abe3b5cdf21b6e466ebfb5ffa4196,2023-08-09T16:44:26Z
3131,adcbbc47c1105b013fea3a8156c47982,2023-08-09T16:44:38Z
3132,7113c706d5cdb550893396894afdd90d,2023-08-09T16:44:51Z
3133,231c6159288b09f423301469498afd5e,2023-08-09T16:45:03Z
3134,b47c4e7d2cf43b656e128640ae593140,2023-08-09T16:45:15Z
3135,d7b9b26e5f834d37111c9e256699078b,2023-08-09T16:45:28Z
3136,77d4abea845f3992a1b36b2a2453d5d8,2023-08-09T16:45:40Z
3137,8068360a9cfc592fd13b008294a9de6e,2023-08-09T16:45:53Z
3138,4a7db59be32c3a58b84253277a1c45f9,2023-08-09T16:46:05Z
3139,8f7358d1837e5541abbd5f3d59010267,2023-08-09T16:46:18Z
3140,7556722a3075a6004d1a6033818e17d9,2023-08-09T16:46:29Z
3141,bf7e4a77ef181476eb0e0a252a79045a,2023-08-09T16:46:41Z
3142,9fcd2a4a7431415992a76a0377ef6c39,2023-08-09T16:46:53Z
3143,eb8b8eeb765add0e7c0bd9c6573082e8,2023-08-09T16:47:04Z
3144,0451362853294d43bac666a8c5e546c1,2023-08-09T16:47:16Z
3145,ac9614aab4eae50c4109576e3dfc82e9,2023-08-09T16:47:29Z
3146,68ba9a74818bff11c4d7ca11ba20da9f,2023-08-09T16:47:40Z
3147,4b271577a4ab326a700e9b4e6a109741,2023-08-09T16:47:52Z
3148,bba2672e9eafa769f1104cf482172de8,2023-08-09T16:48:04Z
3149,9020f2339d2b9e144dbf9d9e8ce1b62e,2023-08-09T16:48:15Z
3150,75d4cdacdb4fddb3fbb2fd7b5b6dd1a1,2023-08-09T16:48:27Z
3151,651f5ab641789791c9e3fcfb053855e7,2023-08-09T16:48:39Z
3152,1da834a1de10ffb199b673ec5dd0350e,2023-08-09T16:48:51Z
3153,2f74cc31b50555cc69aa7a319d32c64f,2023-08-09T16:49:03Z
3154,84806d27b1f49e48162d5a29a2a461c0,2023-08-09T16:49:14Z
3155,03012da75505e6b72e7adf9a00474c5a,2023-08-09T16:49:26Z
3156,5ec70597b94a585480f845e14e3b52e0,2023-08-09T16:49:39Z
3157,602bb30b67dfee7df3f85c21b05148e9,2023-08-09T16:49:51Z
3158,cb4fde4d14bb4d58005582e616e1dd9e,2023-08-09T16:50:02Z
3159,ff4c794e9496b3427f585ce6f3a13d7c,2023-08-09T16:50:14Z
3160,9c62fede033fa25cf16581f8a2a75b98,2023-08-09T16:50:26Z
3161,96965bc6d51eeb2fdac04d6c5686339c,2023-08-09T16:50:38Z
3162,7752debc3b7f43e8d60d7e7f8bf65a28,2023-08-09T16:50:50Z
3163,4043239c986e7dd07f1b4d02efd2c6f6,2023-08-09T16:51:02Z
3164,162ddace9274c5f116ef2f79aafabcec,2023-08-09T16:51:15Z
3165,4a2241ed48ecaccea346024e5d4976c6,2023-08-09T16:51:27Z
3166,8c6d894cc5ca3e094155ed80bc1fa8eb,2023-08-09T16:51:39Z
3167,c3992a2d5dd8b1f213ed5290c7ef7753,2023-08-09T16:51:52Z
3168,4c2720ecd91a9afa0ba8ded414293f7f,2023-08-09T16:52:04Z
3169,b485d8bf1551b972353ce5d2631f59fe,2023-08-09T16:52:15Z
3170,479075a4eeb6acb1e26b7551c6ba9e48,2023-08-09T16:52:27Z
3171,1e3d3bae0caa71ecca61cb3b9163572a,2023-08-09T16:52:40Z
3172,cbe0a5d77cdec5b164eab12331f5e94c,2023-08-09T16:52:52Z
3173,a6621cb27c413ebe0aaa8bf4358e464f,2023-08-09T16:53:05Z
3174,74d18169c4811a920b152aac9d72ff74,2023-08-09T16:53:18Z
3175,188e23d8389530adfe090efc025547b6,2023-08-09T16:53:30Z
3176,c24c83c7c5ffb1d69b381118edf383f0,2023-08-09T16:53:42Z
3177,1f55e3e1e5fd47c54711a128645ce445,2023-08-09T16:53:54Z
3178,01cee13a387ac3dd8bbae16ba9e407de,2023-08-09T16:54:05Z
3179,7c73d647ecf9c050117762c1c15d0390,2023-08-09T16:54:17Z
3180,08ac6b9ba9697bae749db6f44dcf419f,2023-08-09T16:54:29Z
3181,9ac426411f0aa1233fa312aa053c933b,2023-08-09T16:54:41Z
3182,90e1f89166a0822a89bd05eafe4bb352,2023-08-09T16:54:53Z
3183,5878be085563c79ab22849078c72adff,2023-08-09T16:55:05Z
3184,2c4719c915d8f8cac1e1d498234546b5,2023-08-09T16:55:17Z
3185,0ca5129c932c3488c6ee2010c9c5708b,2023-08-09T16:55:29Z
3186,d061ec67503dd591f9d1cac03f64cff2,2023-08-09T16:55:42Z
3187,0777adf01e214cbed456a2733193dca1,2023-08-09T16:55:54Z
3188,9db7f79cf3257f02acaf1957ad3e3126,2023-08-09T16:56:06Z
3189,13fc574f7bf7e10bf05561edb8b45ed8,2023-08-09T16:56:17Z
3190,773d993af5607d581545fce7f2687e04,2023-08-09T16:56:29Z
3191,7360abede13dfa014ca84fc1b71c1614,2023-08-09T16:56:41Z
3192,046cae5c4e77be22871ec218f29818d0,2023-08-09T16:56:53Z
3193,7d9e2993ba8e3e7b211fdc395f1a8add,2023-08-09T16:57:04Z
3194,02c4e8a61a1cd90d081253f966d09945,2023-08-09T16:57:16Z
3195,e9d663c089b6df9d5aad4a4b457aa666,2023-08-09T16:57:29Z
3196,cdf26302f2cec017647f2c762586b051,2023-08-09T16:57:41Z
3197,4ab571ffad17393700edc49b78aac6e4,2023-08-09T16:57:54Z
3198,cac722347f69579a0a4fad3d539bf6d7,2023-08-09T16:58:05Z
3199,5f1dfd1e70e727056494d0ce4616a3f6,2023-08-09T16:58:18Z
3200,0b359ae8ce2ddd59d9e06cbe1542625c,2023-08-09T16:58:31Z
3201,45e43f40f373055ce7e2705d4ae38d23,2023-08-09T16:58:43Z
3202,0cc872f3fea7b3dc8c38593e646dab8e,2023-08-09T16:58:55Z
3203,9860b881ecd707654266217431f1a865,2023-08-09T16:59:07Z
3204,67817879cda44b13a12f528e537fa943,2023-08-09T16:59:19Z
3205,96057c6ee61934e803b14b45fd931e75,2023-08-09T16:59:31Z
3206,6cab259547d4ad14401e0ee46b8d3ffd,2023-08-09T16:59:43Z
3207,100b8bc55b8673a10e65f459a9f0c5a9,2023-08-09T16:59:56Z
3208,608f53a3e5b0462cbe3810e1d22ca394,2023-08-09T17:00:09Z
3209,27dea1aedac557b0d923e4bd0ecb50cb,2023-08-09T17:00:21Z
3210,940c877dba3f06976c05a078d315895b,2023-08-09T17:00:33Z
3211,50afecac122e2b7366ff63cbfc1021e2,2023-08-09T17:00:46Z
3212,d6a4ecc3f7829b689797f7f0324d8d32,2023-08-09T17:00:57Z
3213,674d8c944e53a5c9d17b50019a2f4cb0,2023-08-09T17:01:10Z
3214,c0242fb4e0301d7c3d1f81445a8d2c91,2023-08-09T17:01:21Z
3215,81d6b4c76fb2d79b8a1f9d62c36f6a8b,2023-08-09T17:01:33Z
3216,876b666ade671eebaea2f76fc80895e7,2023-08-09T17:01:45Z
3217,1084f553ec897c1ca767a7cda9318de5,2023-08-09T17:01:57Z
3218,4c84d54b27ea80670e2f5bb12ef241ba,2023-08-09T17:02:10Z
3219,d6c2589e73b4a574ef56b6982ff5e50c,2023-08-09T17:02:22Z
3220,582e80446835b939ccfef8dac1133eb5,2023-08-09T17:02:34Z
3221,a508e12c8f435b3573c4fc96d7833717,2023-08-09T17:02:46Z
3222,f8c85215dbb088bcc8f833eccf94bcac,2023-08-09T17:02:59Z
3223,dbcff75c193e6d932f197bfae387415e,2023-08-09T17:03:10Z
3224,a5ee20c415ad5cd82bee83a334681196,2023-08-09T17:03:26Z
3225,d6a31b547cb78c590ee9d43ade379522,2023-08-09T17:03:38Z
3226,da8576a7c3c256cb07c74b46b2a21f9f,2023-08-09T17:03:49Z
3227,aae899294d54de63d4e2b59447dbf318,2023-08-09T17:04:00Z
3228,e0b058015fd8e498addbe7931bc03e58,2023-08-09T17:04:16Z
3229,fec8fc30f7fc237f6b1f14f43bbc0e0d,2023-08-09T17:04:28Z
3230,cea0499d267cda96d8177b429937baaa,2023-08-09T17:04:43Z
3231,ec9d03f4735b053d02d8ebaf99c148a9,2023-08-09T17:04:54Z
3232,f6570db91bf7ceaa3be099226ba53f62,2023-08-09T17:05:06Z
3233,dd8c38fcffd72d91dc4b58af1d2a19b2,2023-08-09T17:05:18Z
3234,9cafab63a5a62d77faae4360a395264f,2023-08-09T17:05:31Z
3235,7520332c12c2cfe07d2c9d10dcd33ba8,2023-08-09T17:05:43Z
3236,e93cfe7e3b8ad4acfa2010f1aa9a5e9a,2023-08-09T17:05:55Z
3237,f6f33c2b32ddf4ba8552a94a40a67307,2023-08-09T17:06:06Z
3238,aa208c68ecaa7e624752e3c113c7cfab,2023-08-09T17:06:19Z
3239,77f89f5ad867bacc56ca443ac5a609a2,2023-08-09T17:06:31Z
3240,01b71169649a262b80826ac17e0d3348,2023-08-09T17:06:48Z
3241,aebb3ea874400bf496165dc50296456c,2023-08-09T17:07:01Z
3242,458bf1b26bbcd45650969966367d8454,2023-08-09T17:07:15Z
3243,e3c8a3bf018aa4f77074b1c2bae4459f,2023-08-09T17:07:27Z
3244,dc6dcfaf2873cc18797fbe0afb139508,2023-08-09T17:07:39Z
3245,4ea5ac3f561fed2e249e6a18399bdb5a,2023-08-09T17:07:51Z
3246,302e173409cd8ef88cd5788ec9e36e1a,2023-08-09T17:08:03Z
3247,ac21f20b6e7cfa5db393628b7bdbcc23,2023-08-09T17:08:15Z
3248,bcbd0679dfd1059805d1565d655367e3,2023-08-09T17:08:27Z
3249,ebb37c3ca8115642b5c45a77ffcdfc29,2023-08-09T17:08:40Z
3250,59259ed06d5c8226e8c5a26efc5ea3eb,2023-08-09T17:08:53Z
3251,e03e51bd5c9e047a5529aa6e8574fe00,2023-08-09T17:09:05Z
3252,879219a91676fa8f1087155646dd3e9c,2023-08-09T17:09:18Z
3253,4f459dc3fb4743ef62038e9c9b627f06,2023-08-09T17:09:30Z
3254,e4aa34183e940d15e39e0fd85103969e,2023-08-09T17:09:42Z
3255,ff459892682dce7abb5d78763224acdc,2023-08-09T17:09:54Z
3256,7cfb69f06e88a36f53bd5b99c3eb779f,2023-08-09T17:10:07Z
3257,19ce0a3194bfe452e7423563e0039e39,2023-08-09T17:10:18Z
3258,5a4c52d9f26561a6a13cb1c740f79b42,2023-08-09T17:10:31Z
3259,d45333ac68413395164680ee15480f4b,2023-08-09T17:10:43Z
3260,5c67542b77989f346e90ff21c6c65720,2023-08-09T17:10:55Z
3261,2b71f8d746ddca0de539149fdec2263a,2023-08-09T17:11:08Z
3262,48d3df6d65257780d040f07f9ad7ca6f,2023-08-09T17:11:21Z
3263,fbd4f6ef9aa8f7fe823981a778ca3c39,2023-08-09T17:11:32Z
3264,d96b007ab11ae9d6afe81eaa7de484ed,2023-08-09T17:11:45Z
3265,f1a5860831210d8df49caa42f145922a,2023-08-09T17:11:57Z
3266,b53c7ec564bbbb23731f5adcc245d748,2023-08-09T17:12:10Z
3267,ff3066d200765815904d41f42a13f993,2023-08-09T17:12:23Z
3268,f556e847c3c72a1f0db973c6699b2d1b,2023-08-09T17:12:36Z
3269,d78b0f8c5d6a846f553d0c6768bcbfab,2023-08-09T17:12:48Z
3270,24917bf901e79be3dc2c06b31a203e8c,2023-08-09T17:13:00Z
3271,70368401ebbc5a03f86a05fc4cc21b95,2023-08-09T17:13:13Z
3272,eb649b800239c9487bff713148ac94d5,2023-08-09T17:13:27Z
3273,ff27ca460eeaba103e118e6ed4d8e121,2023-08-09T17:13:40Z
3274,01ca448ad5aa4450d312da90a38fd55b,2023-08-09T17:13:53Z
3275,e49fcf6815b2be4920f302e52c60e374,2023-08-09T17:14:05Z
3276,655c2132a484f960c1c0ab48a2019a63,2023-08-09T17:14:17Z
3277,7d24ff02da262367f393b63be0b9728a,2023-08-09T17:14:30Z
3278,a161d5fb9940ded1e2d554bd6ed1c500,2023-08-09T17:14:45Z
3279,32e1c2169860d7e149a687923c6a6076,2023-08-09T17:14:58Z
3280,213353253a56979eca4c74c7c27e5c8a,2023-08-09T17:15:11Z
3281,57322a048d2aa7316814bbedbe1b4ef6,2023-08-09T17:15:23Z
3282,53b22d819cde324d190556c808825f36,2023-08-09T17:15:35Z
3283,7286e824dfd758029855630277e6ecb2,2023-08-09T17:15:48Z
3284,78e73d590134a7b4256f8bb7877eb265,2023-08-09T17:16:00Z
3285,1df5dd5776d322ab03f7f7013aaf1c1d,2023-08-09T17:16:15Z
3286,c7b10ecf6ca09a437b44edafa7e6af84,2023-08-09T17:16:29Z
3287,7574aa6e8541e30db7cf553f0ee0196e,2023-08-09T17:16:42Z
3288,d7b75e2e2ebae8f2fc1e2a44e121b883,2023-08-09T17:16:54Z
3289,be0193f3bbb3b799d3c63148eb94d332,2023-08-09T17:17:07Z
3290,3118e111f5dba793bc000fa0de593f31,2023-08-09T17:17:19Z
3291,57df01c04b64a64f5dd5b6c3886e02dd,2023-08-09T17:17:35Z
3292,ac719135354677effa2b38280b6db8de,2023-08-09T17:17:47Z
3293,298110b35e5f67836716aa7d5a9b7085,2023-08-09T17:18:02Z
3294,cbec021ccc01161891869096f254e267,2023-08-09T17:18:15Z
3295,40c81a16cae0a6685cdd32e92b75e40f,2023-08-09T17:18:28Z
3296,d915534380532abe0c3de92102e8f31c,2023-08-09T17:18:39Z
3297,919b56bca0d658d39921be78e3c6e550,2023-08-09T17:18:52Z
3298,e517a91a9d060c7d0646a4afb2734e18,2023-08-09T17:19:04Z
3299,fdf13cde56e4b73bbbafafeed0f29e7f,2023-08-09T17:19:17Z
3300,508fc1bb85a9a4eca87e4416e0d32692,2023-08-09T17:19:30Z
3301,072c52e786124c390470be94390bdd39,2023-08-09T17:19:43Z
3302,cdd01c55d8f8eca0d03a4eb5aa2099f7,2023-08-09T17:19:55Z
3303,69ce4f763a1a6cc57b407f91e557b60e,2023-08-09T17:20:09Z
3304,15438b9124bcfe50ad7313c631b55d82,2023-08-09T17:20:22Z
3305,cb88f18a099fcc311e2ff791010da055,2023-08-09T17:20:36Z
3306,ab46f613e76e1737d1608c5948c2a7da,2023-08-09T17:20:50Z
3307,7601b93521f6d9347be7965bf3b406e3,2023-08-09T17:21:02Z
3308,50487afc0d6a3e53e7d39a8633dc4e76,2023-08-09T17:21:15Z
3309,e7117f4c40958b369721ba16d6d973ed,2023-08-09T17:21:29Z
3310,a70ad153b8ebd4a922c2bdceafd13a62,2023-08-09T17:21:41Z
3311,1c56d780043c7518895e2a5e085321a6,2023-08-09T17:21:55Z
3312,bf6d554201ecdf5d60c0ea26071af14b,2023-08-09T17:22:07Z
3313,de25b4f668ccc1e411b9614a6cce5d3c,2023-08-09T17:22:20Z
3314,f76b966bdc97ff2d37ab73534d235552,2023-08-09T17:22:32Z
3315,96e637c0b9d05e1e2d5243371af72c75,2023-08-09T17:22:45Z
3316,ec1a8ea3a98f16f6d2bd0525cd0930e0,2023-08-09T17:22:58Z
3317,5055943154458b66e4eca21fddc8f08d,2023-08-09T17:23:11Z
3318,e412cc2ebee5404a8c44f38e4ae96352,2023-08-09T17:23:22Z
3319,f05168dacf103cceb5d89d72de00bb6d,2023-08-09T17:23:32Z
3320,4b5753b8a9a81f7c2780cff77853cfb0,2023-08-09T17:23:45Z
3321,029b6994dced70a3fa4f921d9d45dadb,2023-08-09T17:23:58Z
3322,6abe1d1c68de4485d458f5df4f40224f,2023-08-09T17:24:10Z
3323,272048c24f1752a8b5c8568efa68c412,2023-08-09T17:24:22Z
3324,efd33d202ed7c759e773d36059b70eb5,2023-08-09T17:24:35Z
3325,a52fd329aae66b07e926aae1e3a69f53,2023-08-09T17:24:48Z
3326,2581fa5ca1c9324cfb9808f0b409fcc1,2023-08-09T17:25:01Z
3327,8f9de2dac831556a942cba084865caa9,2023-08-09T17:25:14Z
3328,f6428b584a19e37a8fa6a1618b0745ec,2023-08-09T17:25:27Z
3329,b6125042f277ceae3089f7b555203743,2023-08-09T17:25:41Z
3330,d7626ab0bc8e6c46cb0bdbedb0bd6efb,2023-08-09T17:25:55Z
3331,601a605a9064ef997038c6eddb1d20b5,2023-08-09T17:26:07Z
3332,402ae348f3c6e228e7ec2abf901e0099,2023-08-09T17:26:20Z
3333,8b40673f678c78bc92864f2060ff2a12,2023-08-09T17:26:33Z
3334,4aabca85ad9357871fa6109b55f42075,2023-08-09T17:26:46Z
3335,d336bfd1a3a61e0d920085d3b7be32db,2023-08-09T17:26:58Z
3336,73d2b1c0e314490f273bcb1543e180fe,2023-08-09T17:27:11Z
3337,19dc510662f601a839693825d50de6fd,2023-08-09T17:27:25Z
3338,6f91952b365b8ade41bf0884831bd062,2023-08-09T17:27:42Z
3339,3b3aff43616b46e3714a7a6690600d43,2023-08-09T17:27:57Z
3340,0074a311983e38b096834cf172930711,2023-08-09T17:28:09Z
3341,c12c78efac52c4646c6fde2d33b0973d,2023-08-09T17:28:28Z
3342,8ccf00846dfef4adb66a7dd46d93399e,2023-08-09T17:28:41Z
3343,b478b3b6e7d81b7d7dee0a8f85f8e848,2023-08-09T17:28:55Z
3344,b9fdb450b6803f7ae59d72cf30a94d65,2023-08-09T17:29:08Z
3345,0032b6259974be5e55299076cbdf194d,2023-08-09T17:29:21Z
3346,2ab6e54f71b270a53878ed18518106ca,2023-08-09T17:29:34Z
3347,e4f29de187528d134803f3a28528c900,2023-08-09T17:29:48Z
3348,2e8a4369c1b391a4daf79ea1a24bc199,2023-08-09T17:30:04Z
3349,b9c337475eb42a20db99f9c1871d310b,2023-08-09T17:30:19Z
3350,4921a4f98ec8312345a043694ce66542,2023-08-09T17:30:32Z
3351,7be2090d8109e80078c22cbafdca8eec,2023-08-09T17:30:46Z
3352,3f3d4f322278f6ebf18459a57805e532,2023-08-09T17:30:59Z
3353,4f3c7fff1318d22f205a32b3661697ef,2023-08-09T17:31:13Z
3354,353daa94c663ce21a44f98417dd5b598,2023-08-09T17:31:26Z
3355,5301ae75d484ac113c0ba1dd51f9fcb3,2023-08-09T17:31:39Z
3356,15371b89137a4a3526fb09096e0c06e1,2023-08-09T17:31:53Z
3357,512cda25af5b754484b3da2120594273,2023-08-09T17:32:06Z
3358,c72ba91759df70c57bded3d2db8976e5,2023-08-09T17:32:20Z
3359,433f9dc272b14aa2d442c667471f9d61,2023-08-09T17:32:33Z
3360,c78058dfc0bd5a1ace2c215e14b952c1,2023-08-09T17:32:46Z
3361,a5504676fc4e98678955b1f3cdc628ec,2023-08-09T17:33:02Z
3362,7a9c553a5e796a1a4e0c0a1a806f2fa5,2023-08-09T17:33:18Z
3363,a89169b306b883248f0a0b5d8b64006c,2023-08-09T17:33:32Z
3364,f117265f56cb99b2fcd1948ef9d1f2df,2023-08-09T17:33:45Z
3365,9bed9cf86c0298392aa67a50f6dfb3e2,2023-08-09T17:34:00Z
3366,1a82a015833ee93577c92fc89ad13f2f,2023-08-09T17:34:13Z
3367,d59fac94b45b0ac36ae280ec3109a882,2023-08-09T17:34:26Z
3368,8e2b5c547a0f82eeb88f135df3647334,2023-08-09T17:34:40Z
3369,354ea4254a644eef5200743b91039799,2023-08-09T17:34:53Z
3370,82c52cc2123865b238f493e84988304c,2023-08-09T17:35:07Z
3371,b7a91b63e20355615d85757f24acb821,2023-08-09T17:35:20Z
3372,09e4bf26fb8a62315629c844e7f1d8f1,2023-08-09T17:35:33Z
3373,34f05403a9a15057d209d6fee51f3bfc,2023-08-09T17:35:46Z
3374,8212bf437b8c1ee9ff0b010011338ac4,2023-08-09T17:35:59Z
3375,2981b1036b798a087f736ed16a633d2b,2023-08-09T17:36:12Z
3376,e357b68b83d8472d56aa0cd5bf985a9a,2023-08-09T17:36:25Z
3377,b6fd1b14af31d49fd78115aa51f84483,2023-08-09T17:36:39Z
3378,60c16ac1c72858ce825e243ba1f1bb2b,2023-08-09T17:36:53Z
3379,dbf849544df6926cea5e4d8d1dfa3f6a,2023-08-09T17:37:06Z
3380,729900c88246a60642fdd51da025212b,2023-08-09T17:37:20Z
3381,d5d2593b37f424ca0154d8b14319569c,2023-08-09T17:37:33Z
3382,8ffa93f166f94e7fe6f5fa0be85d8e76,2023-08-09T17:37:47Z
3383,0429bc1e666cbc2bc15af36ce87f662b,2023-08-09T17:38:00Z
3384,875c8ff7ec17da99c4a40e7c1b064b66,2023-08-09T17:38:14Z
3385,989d13e8d3f7f1479ba36172e01a1cb6,2023-08-09T17:38:27Z
3386,89e8cabd1e240394ef019372fb9bb11a,2023-08-09T17:38:40Z
3387,6f79ffdfe9ee547c7fe1518432de26eb,2023-08-09T17:38:54Z
3388,183f603e767779941d05ffdde312086e,2023-08-09T17:39:07Z
3389,e467406cd75ef333eeeb8f7a285003a8,2023-08-09T17:39:21Z
3390,8de01dc7ab7675c05db5d6933fe35bdc,2023-08-09T17:39:34Z
3391,6638d64f53701132b430f1ed7ac75e27,2023-08-09T17:39:48Z
3392,3a567caddde7a6a535a31b48767da824,2023-08-09T17:40:02Z
3393,2918e989952364897b87cf3521ef7388,2023-08-09T17:40:15Z
3394,b4c62082edcc42e5ed44039d05b43a8f,2023-08-09T17:40:29Z
3395,dabcbf6dcdd5fdc71c24754ccfdac66a,2023-08-09T17:40:42Z
3396,efde86c8fa0e813376eae0cc27401e82,2023-08-09T17:40:55Z
3397,08caf9e89a43ebcb9f494ee2e9896043,2023-08-09T17:41:08Z
3398,b4201b38476bbaaa2e48700ee626c4b1,2023-08-09T17:41:22Z
3399,7bf770a9e35fa81f7decd0dd18a09c10,2023-08-09T17:41:36Z
3400,1e9ae312286461157c083337d9dc9590,2023-08-09T17:41:50Z
3401,172b62470b9d06ba72132b43df1b88c1,2023-08-09T17:42:08Z
3402,a6d8d4664dce596114f17988cb5ef066,2023-08-09T17:42:22Z
3403,cfd75eff7556eaa658fddf4e8c552d82,2023-08-09T17:42:36Z
3404,c90a96aa2749eb5f11f6034cef57cdd6,2023-08-09T17:42:48Z
3405,1fdbfec497787cc500e3373dde727c98,2023-08-09T17:43:03Z
3406,fe9accd61ac9c13c4e23137462eb1b0a,2023-08-09T17:43:17Z
3407,cece5675f9e9215aec10a9c80f3a2301,2023-08-09T17:43:31Z
3408,b5efc5a1fce832fe268c1c477b955c51,2023-08-09T17:43:45Z
3409,3acf085e6d338d27fe9948748d01df5b,2023-08-09T17:43:59Z
3410,cd725b37dd849d7f7477bd5b9fc076ae,2023-08-09T17:44:13Z
3411,419d0f8e798e4e3d891c62f963584391,2023-08-09T17:44:26Z
3412,c4345b4725517d9357c3f725d4e8b12d,2023-08-09T17:44:42Z
3413,9d87798efedba75949503ab2abc3e45f,2023-08-09T17:44:56Z
3414,f50c3057a669e1a81d9af6ff00f59c4d,2023-08-09T17:45:09Z
3415,d90e10fb832d2b23860d2d029e0ee44c,2023-08-09T17:45:23Z
3416,7f4cdcac19793d82a9cea7c1d02ff11a,2023-08-09T17:45:37Z
3417,98de5810b753abfe31b70bd850758062,2023-08-09T17:45:51Z
3418,b22b20a59989cb46ef9dba315321cf2f,2023-08-09T17:46:05Z
3419,518e2a89218af213d7772ada233b01df,2023-08-09T17:46:19Z
3420,509761e0470f7c218150a244edd96007,2023-08-09T17:46:33Z
3421,be2d636d2cca3833e2e0fcb3c5c99cd7,2023-08-09T17:46:46Z
3422,e2c35d4e3495dcbeae3408b81df3083d,2023-08-09T17:46:59Z
3423,d9694694b8098dc85051e25816ac034a,2023-08-09T17:47:14Z
3424,463bc23f37957b44a7ed0b62c25f7171,2023-08-09T17:47:28Z
3425,dbadd0451fd2115bc6ee0ede1ade4476,2023-08-09T17:47:42Z
3426,d256c6ed6c26bf83995f7f248c4cae4f,2023-08-09T17:47:55Z
3427,9cf678fd66d592b25e5b4a7e24f39528,2023-08-09T17:48:09Z
3428,f30827f67ca7a7f9a55c52c5efbabd84,2023-08-09T17:48:23Z
3429,0df3cf4383b27adb1a3a6976bbe7d7e7,2023-08-09T17:48:37Z
3430,787cb5ca1f961586d91774789fbb1a80,2023-08-09T17:48:51Z
3431,12a81b8272223ba0fe65f7ff33c07c57,2023-08-09T17:49:05Z
3432,14861093543b1debdf73f1453d37702f,2023-08-09T17:49:19Z
3433,069848485fc6a1d7518704cce5c99663,2023-08-09T17:49:33Z
3434,e50fdddb35922f58bf883b7ce59d409c,2023-08-09T17:49:46Z
3435,329bc0a214861c189a434d1cf1a879ee,2023-08-09T17:50:00Z
3436,3ea4bb072db97d5cb281a482f568219c,2023-08-09T17:50:14Z
3437,ea22b006a3a5aff689a5f70b8f0ad9b8,2023-08-09T17:50:28Z
3438,7caa9cef1b59878464ff991800247cc7,2023-08-09T17:50:42Z
3439,33420e226a7538cbbf7c2e5482737824,2023-08-09T17:50:57Z
3440,4cad2925533fc6dc531e2e9fe0195943,2023-08-09T17:51:13Z
3441,a4092e6f07942de2016ae7fb1645ce5b,2023-08-09T17:51:29Z
3442,208462b0509d9f1caa9b88b3ff2e9093,2023-08-09T17:51:43Z
3443,ced92f937f8cc00792df8fa224ad5c2b,2023-08-09T17:51:56Z
3444,a9570d48ad0d469d2fc7b517ed917a7f,2023-08-09T17:52:11Z
3445,39abc08221c305ebc5bf41c858c85323,2023-08-09T17:52:24Z
3446,8d2e2c19b2e05bfd618ae3e097b3548e,2023-08-09T17:52:38Z
3447,09d699e3291fb9dc5221dea7cde447a2,2023-08-09T17:52:52Z
3448,03210531295e1a22a6e10b3063665c09,2023-08-09T17:53:07Z
3449,3195ee145759d9d02a4fcb571e006897,2023-08-09T17:53:21Z
3450,06861b701af8176600ac4d5733a96c93,2023-08-09T17:53:35Z
3451,eed36194b8d7e2c4fb3a9a7717f6972c,2023-08-09T17:53:49Z
3452,cb65e1264e37e2c6dcefafbe7f074458,2023-08-09T17:54:02Z
3453,3088abc2a4aaf39d1f7abc8fd1ac4738,2023-08-09T17:54:16Z
3454,faae93bbfd063445eb638dcc78446fe0,2023-08-09T17:54:29Z
3455,95bfa498cd55eaf0f3f64bfd98ca86cb,2023-08-09T17:54:44Z
3456,51ec14d297fde433e911b37938160f75,2023-08-09T17:54:58Z
3457,97941cf356a385287c42d5d542841b70,2023-08-09T17:55:13Z
3458,d5664f7669a0e7a15df73a2a03ddf2fd,2023-08-09T17:55:26Z
3459,fd44dd701942ff178d1ff396143ebe00,2023-08-09T17:55:40Z
3460,c4713ff6e521670442b52ef8d5ae7b7c,2023-08-09T17:55:53Z
3461,5ab4bdd9a14b0955c819edbfabe4da46,2023-08-09T17:56:07Z
3462,7d2cc5a2f4e53ce5fb82b26550be36fc,2023-08-09T17:56:24Z
3463,82889e8c0bfaa6900b40b21c10e8d849,2023-08-09T17:56:39Z
3464,776ceefc48f0a3c6d403e3a9ef413855,2023-08-09T17:56:54Z
3465,95dec1c87170835ce70c87a38b39a8cf,2023-08-09T17:57:07Z
3466,b6aaf10301431f134958f9522deca2ab,2023-08-09T17:57:21Z
3467,e21b1cada4a3f83e5da622abe531bbe1,2023-08-09T17:57:35Z
3468,4d11b97f23e85f6101da3ef26c5f551b,2023-08-09T17:57:51Z
3469,01d1bc71b20266ab1a6da0a0a7c93d6b,2023-08-09T17:58:04Z
3470,d2c34a177030d7064b981bd472c12714,2023-08-09T17:58:18Z
3471,2abd966dddad7e6d1eb7b6cca0b6cb9d,2023-08-09T17:58:32Z
3472,c10cf7e05f5cb6344a591502c0857df6,2023-08-09T17:58:46Z
3473,14d4561a287492a07ad0c088570deef3,2023-08-09T17:59:02Z
3474,23960a27af1e224c20a9428abcafe19a,2023-08-09T17:59:16Z
3475,0de484c933dbd25c215c7244a3457caa,2023-08-09T17:59:30Z
3476,13e4fcd6b58b3cbd2b8c7b0caa96a61c,2023-08-09T17:59:45Z
3477,5ac85e15ba21cb767685ae4d4728c91d,2023-08-09T18:00:01Z
3478,73f90a7c77dfbf84b3aaf4dafbc7b1df,2023-08-09T18:00:15Z
3479,d13db8a32199f391b22c252a5e5b807a,2023-08-09T18:00:29Z
3480,cf5e198811d12edbc29510985b3406e6,2023-08-09T18:00:43Z
3481,2ab298b0fa68dcfe53970b3140d83647,2023-08-09T18:00:57Z
3482,6081dc339f2220d0a49f8a2027351198,2023-08-09T18:01:11Z
3483,325f8ca24dcee7feaa834e7703214b93,2023-08-09T18:01:26Z
3484,d40f5258a0371aa8da7e8bb7bf443996,2023-08-09T18:01:40Z
3485,21e4c5bd6212c6d740791c8b4b0201c6,2023-08-09T18:01:56Z
3486,08ef973b4d786ad2c39bdc73e9f5966d,2023-08-09T18:02:20Z
3487,8c0512c5f71a81f98bee98e2f39cb40a,2023-08-09T18:02:36Z
3488,6bf7196a564651482b916628e5f5288c,2023-08-09T18:02:51Z
3489,632b9f36b83d130948606a24a1b0f4ed,2023-08-09T18:03:16Z
3490,5216801dfc32eb262a69ea0977969429,2023-08-09T18:03:35Z
3491,565430d1f77feac4c516d4437c0b7d15,2023-08-09T18:03:50Z
3492,2a6022dd8ee0b208d491a4f9271176c0,2023-08-09T18:04:06Z
3493,44ca6f9e55b268b465772918915ba2c6,2023-08-09T18:04:25Z
3494,ce6ac90bbf7b88e4e574165fab51b53b,2023-08-09T18:04:42Z
3495,c5892a4c3d83a21d6d4db14b70e9cccb,2023-08-09T18:05:00Z
3496,25e6e031cd0e76a0d69449dd042ca7a5,2023-08-09T18:05:15Z
3497,9221f275a6b003abf2dd180399aab559,2023-08-09T18:05:30Z
3498,b2743695c14f91efeac84478d8e34671,2023-08-09T18:05:45Z
3499,b8e666103e848c8a88a9ecbd3e589a15,2023-08-09T18:06:00Z
3500,50320986ebd02dba97a565085007ab59,2023-08-09T18:06:15Z
3501,021cda864942bdeec8be7ab2aa7156aa,2023-08-09T18:06:30Z
3502,a26edbf635a4f6819f146703e7d29beb,2023-08-09T18:06:45Z
3503,897b9298f46a5e930fc575b8128d4da9,2023-08-09T18:07:00Z
3504,6a57661800039d4f2c102f428c9b6ad1,2023-08-09T18:07:14Z
3505,5265ccd10cc3f37b6a3a243fe00fb3ba,2023-08-09T18:07:30Z
3506,26cbbc6841da16c3053090da8f137075,2023-08-09T18:07:45Z
3507,85542b2f18d4c41679046aa5efd1dc47,2023-08-09T18:08:00Z
3508,71f542e401e133f5b70b77dc66b61c05,2023-08-09T18:08:15Z
3509,ed046cabfa8b4eb66483a70eb0613324,2023-08-09T18:08:29Z
3510,a44157727f12b1f2152d33efe6641186,2023-08-09T18:08:44Z
3511,12e64caf61d5751e78e9e94ea3f41001,2023-08-09T18:08:59Z
3512,270f07892a0023930002f08eef7963c6,2023-08-09T18:09:14Z
3513,8f7e1c04533cedc63d27b55060025328,2023-08-09T18:09:29Z
3514,f106e166795b69a822db39baaa7d39a8,2023-08-09T18:09:45Z
3515,a84acf0303338618dde704a2e0541d73,2023-08-09T18:10:00Z
3516,77eb85f576c0dec6e4c160aa660c89e6,2023-08-09T18:10:15Z
3517,4212000e5a5a6de0332967548c945a9e,2023-08-09T18:10:30Z
3518,33fe953cec0c7847a19b07e9c69b07b4,2023-08-09T18:10:45Z
3519,2e8e9cc67a3f7593f187d44f5e572822,2023-08-09T18:11:01Z
3520,ec3e0acd8160a670f7e2ca855c40ee75,2023-08-09T18:11:15Z
3521,90adf628361719312083c57cc17743b3,2023-08-09T18:11:30Z
3522,a6d86d5cd20c9056fdff1771be2d861b,2023-08-09T18:11:44Z
3523,4304a3c7eb0d11dac205b11cedcb0dcf,2023-08-09T18:11:59Z
3524,8596fd970477e3b43b1b1d8c6dda8e37,2023-08-09T18:12:14Z
3525,e1e5db90f0e7054931908835c8a89ac8,2023-08-09T18:12:29Z
3526,440b015d365f789138e7c1ac72d9c06b,2023-08-09T18:12:44Z
3527,6ebf4d4c69b8224857a517435c2768f0,2023-08-09T18:13:00Z
3528,66bae5fd7fffd6ac619e3b1219d67822,2023-08-09T18:13:15Z
3529,355777684401a3fa470249129a995e90,2023-08-09T18:13:30Z
3530,6b8512c9d34e07fc9a3677a3ba41092b,2023-08-09T18:13:46Z
3531,aa0ffba3095e595e979b4884a1910ec3,2023-08-09T18:14:01Z
3532,00f6978a363d7ca4577dab8147a64c6f,2023-08-09T18:14:16Z
3533,9428d805871fd2b4ceee109b187d0090,2023-08-09T18:14:32Z
3534,31588558a9fa460a391198ca8d3fe74f,2023-08-09T18:14:48Z
3535,34af9e5fc9ca056a7cfa488cc8e86e08,2023-08-09T18:15:04Z
3536,47f4f0c3be9178631778d2749da0dcb8,2023-08-09T18:15:19Z
3537,f19d98cc252e0c6ccbb204ddbda4d546,2023-08-09T18:15:35Z
3538,fe4b8567b2aa6c0053346930f72c332b,2023-08-09T18:15:50Z
3539,d449c3bf38b95ff8d13ad42147d0b2e7,2023-08-09T18:16:05Z
3540,abd3ccf980c13638230e5951e171eec9,2023-08-09T18:16:21Z
3541,7cbf920095fe89bdd3057fc68170db5e,2023-08-09T18:16:36Z
3542,0b3991c8fbaf56a003b5cd99fd3b1ae1,2023-08-09T18:16:52Z
3543,e33782d4079d41dfda9a3306c926ff6f,2023-08-09T18:17:07Z
3544,856071982fecd21a387275bf1924cd6b,2023-08-09T18:17:23Z
3545,a16021b432c5d507a24b9f894579fff8,2023-08-09T18:17:37Z
3546,7a2efd106b8750adf884106e369bdda0,2023-08-09T18:17:52Z
3547,6292f37c9590a97909c161179afd20a6,2023-08-09T18:18:07Z
3548,7a64a1d855daaa549e8160ebec465408,2023-08-09T18:18:22Z
3549,7f2597e86c9b8b4a63e7f346ea5d5309,2023-08-09T18:18:38Z
3550,df415326d8c5f26fa273877fff9873ba,2023-08-09T18:18:52Z
3551,8d8a97f75b5ccc434b450ca73cc663c5,2023-08-09T18:19:07Z
3552,eed94d9fa31e383960e34011f0e3a501,2023-08-09T18:19:22Z
3553,e9ed479364045eccfba261a37a0b20f9,2023-08-09T18:19:37Z
3554,3453bc93b8937a3363bcad610770a763,2023-08-09T18:19:52Z
3555,3ffb571525918c9bdb2166085a0418c5,2023-08-09T18:20:08Z
3556,3bb4e41a0fbf06556b7ee57842530d0c,2023-08-09T18:20:23Z
3557,6e1c60dbf462a1bf4ec8ba924344a182,2023-08-09T18:20:39Z
3558,08aecec17d3aeb6439fce46ffe6f2481,2023-08-09T18:20:55Z
3559,0b0e547a1ba5a50fa1ff624eada306c7,2023-08-09T18:21:11Z
3560,465386158a1784c89d36f0c659bb3a08,2023-08-09T18:21:27Z
3561,457c200193ffce62b7b1bc5c4f7e388a,2023-08-09T18:21:43Z
3562,97db348be2353c0b8974c442d5dbcd1e,2023-08-09T18:21:59Z
3563,4dd90399de44b24d79b32376b3727ee5,2023-08-09T18:22:13Z
3564,fa491669ee0375682e632a287df16511,2023-08-09T18:22:28Z
3565,3ee05413d7df400ec62e1345b81e0e6c,2023-08-09T18:22:42Z
3566,330056828d9e648607c91af4ea6e39bd,2023-08-09T18:22:57Z
3567,2e2cf817b4ffcd8614f9c9ad2e015083,2023-08-09T18:23:12Z
3568,2f078bd4a15dc4dd00cb64941b1743d3,2023-08-09T18:23:26Z
3569,785e47cfa281e93b2b2274d43bdac678,2023-08-09T18:23:41Z
3570,427b431befb35d0d470737ca39f80281,2023-08-09T18:23:57Z
3571,d80c983a94dbb0e06020fb65deadbac7,2023-08-09T18:24:12Z
3572,f8b421748a57494be683909c18218099,2023-08-09T18:24:28Z
3573,3a20d6840da412094243de818771628e,2023-08-09T18:24:43Z
3574,54f139c07eec2e10576b43aad8c500a3,2023-08-09T18:25:00Z
3575,f9c4ff5e07fe843b53faab85162a4a7c,2023-08-09T18:25:16Z
3576,1b3d0e7bf359d30026c8260e3dc97382,2023-08-09T18:25:32Z
3577,44ad7833efd9b4552613e0c138211c24,2023-08-09T18:25:47Z
3578,e4f20ea8022f6fb4cdc80401a22b0dc7,2023-08-09T18:26:02Z
3579,2728a3aa1223e49f50b5f4372107723a,2023-08-09T18:26:16Z
3580,f24f3e51ec4b4d7f3dcebafe41ad3264,2023-08-09T18:26:31Z
3581,0638c7c54e004231481655a501a34023,2023-08-09T18:26:46Z
3582,f83bbc65e845d9286736a50ece7d0894,2023-08-09T18:27:01Z
3583,f9b1bb2f4aaf50c513a0fc2b1bc90532,2023-08-09T18:27:16Z
3584,d374fa727e6bcc0fa3c3cb562181fef6,2023-08-09T18:27:32Z
3585,de830ecd529106c9f64866957bd34f2c,2023-08-09T18:27:47Z
3586,606ff493e1b1fc9986442efae9fe2843,2023-08-09T18:28:03Z
3587,b75b5b86c25a0102b34412a3b8e8188e,2023-08-09T18:28:18Z
3588,08f01f74adc61216165b7db2e1fc6ba2,2023-08-09T18:28:32Z
3589,8043c80ed09e7b1a0af619c5612ed438,2023-08-09T18:28:47Z
3590,1eeb632c6527e80a801e8a3e7bd8da9f,2023-08-09T18:29:02Z
3591,1aba2d7aad403dfb009d7a447b8ab844,2023-08-09T18:29:23Z
3592,92fb5fc662063880b432c51b533f5b3a,2023-08-09T18:29:38Z
3593,3dbfca1f4aaad2a31cad4681f6f6a4f5,2023-08-09T18:29:53Z
3594,b93da2106b43e9aa7738760e8f28358c,2023-08-09T18:30:08Z
3595,2a36eb7e47a0924c9df1296cdcfad413,2023-08-09T18:30:23Z
3596,eea5eedcc1d6228a83c9b5895901e50c,2023-08-09T18:30:38Z
3597,e3a9de85e8e388d03eafaccb3dffc40a,2023-08-09T18:30:54Z
3598,449586a03586581e2d10d66e0016b581,2023-08-09T18:31:10Z
3599,c3f5a0d5ead3646e40ce35048957b17f,2023-08-09T18:31:24Z
3600,1710853bf823027194becaf4d48d2054,2023-08-09T18:31:40Z
3601,83a8c19a3a72c7b51f32a0a18d9225e9,2023-08-09T18:31:55Z
3602,fc83b25d3544393de98668f84b827da5,2023-08-09T18:32:11Z
3603,f895b0ab01e28b4364ac336f49c483bb,2023-08-09T18:32:26Z
3604,6bff9e2362398277ed827ee50e8f6d1c,2023-08-09T18:32:42Z
3605,2ea8fa3cfb54075eb4e8dcae1f82fe38,2023-08-09T18:32:57Z
3606,67f71d0eb17140a34ac6ae9285ee45c4,2023-08-09T18:33:13Z
3607,aad5eeade07ad0a2c0c28133842a83b6,2023-08-09T18:33:28Z
3608,2ed9bd632841585b3a8ccbcbd378c08c,2023-08-09T18:33:51Z
3609,a05e464a6c46c24151fad497441edd8a,2023-08-09T18:34:09Z
3610,f3f7823e144fbbcd436576d22df53078,2023-08-09T18:34:27Z
3611,da92b5cba645b4c8d129a677347af7bc,2023-08-09T18:34:43Z
3612,ce66871014683b028efa2a6dd5b15ea3,2023-08-09T18:34:58Z
3613,0784782420398d8c46d8fb61cd80d24a,2023-08-09T18:35:14Z
3614,c665651e6f1add03dd9f96c20b7723a9,2023-08-09T18:35:30Z
3615,eff0d93d28a537158ff9a3c079fb009d,2023-08-09T18:35:47Z
3616,6c840a811cc83a5c94894e7146146d44,2023-08-09T18:36:03Z
3617,667953f8bf811a6608c0515c157e2157,2023-08-09T18:36:19Z
3618,24acc8e0a62f465e80bc57011652be09,2023-08-09T18:36:36Z
3619,54d58c8f34f5bbf8eb7dcc2fd032047d,2023-08-09T18:36:51Z
3620,d88b3f7227d98d358bfa91adbf5111d4,2023-08-09T18:37:06Z
3621,8dc4fefe7432f9f8429391d4f375580f,2023-08-09T18:37:23Z
3622,e989a6cb343cad7014c5b747d5b8b3eb,2023-08-09T18:37:40Z
3623,76047ae97ad25cb702b01133758c1aa0,2023-08-09T18:37:57Z
3624,e50dc0c98dae33888cebd827f5267a14,2023-08-09T18:38:15Z
3625,974fc81c96ec16aa1d0baf6c9dfd849b,2023-08-09T18:38:31Z
3626,b3a8d9023f92656f8cdb638575f86dc2,2023-08-09T18:38:48Z
3627,5828963f1a2bb3b4241115b5e66c52a0,2023-08-09T18:39:03Z
3628,c8b8eab8097a9545704c4d0f98c485ac,2023-08-09T18:39:28Z
3629,20296f3663862629876d1f7d221b4ef1,2023-08-09T18:39:47Z
3630,404564137da40f94a841ce0d56228853,2023-08-09T18:40:03Z
3631,f64239078d888138130c1eee4d8c0b2e,2023-08-09T18:40:18Z
3632,6df8814a4a8d79578e0ef0ec59d5097b,2023-08-09T18:40:33Z
3633,6e94f9463e1412eaac1304534279aaae,2023-08-09T18:40:49Z
3634,67da4c094df7ae22caeefe3fea52610c,2023-08-09T18:41:06Z
3635,9eb1e42674dfa53d00af7b96ad8b96b3,2023-08-09T18:41:35Z
3636,ce58fc3b263b6156745e9f6c40adea46,2023-08-09T18:41:54Z
3637,75d27e9acd81c52a6a40569584777294,2023-08-09T18:42:10Z
3638,a501bc0b4033596f696873fd8cf917c1,2023-08-09T18:42:26Z
3639,417c849e0d9b5302318b17b204009ebc,2023-08-09T18:42:45Z
3640,8c2d04cc63e03ea38b2a4cf0b69b6b8c,2023-08-09T18:43:02Z
3641,4f7435deb483e6d384f1eda5246c4aba,2023-08-09T18:43:18Z
3642,13d5dfb404c68879546f7c711698afad,2023-08-09T18:43:34Z
3643,9d93ac382bfec9d6aa21241d6e216343,2023-08-09T18:43:52Z
3644,2aceffc13028329075a2f37e1266b279,2023-08-09T18:44:09Z
3645,4415934726d1de0fc874d4622c02bb5f,2023-08-09T18:44:25Z
3646,3f69cce9cb1cccabcd25a67fcf17b852,2023-08-09T18:44:42Z
3647,15f79a61884c9c128da3a7922ec02b7f,2023-08-09T18:44:59Z
3648,c98f811840b0d7312f1e7ea5a881c3e1,2023-08-09T18:45:16Z
3649,886f249af312ab663c169c9e5d27230c,2023-08-09T18:45:33Z
3650,84d0629a7df62767d27a444055d9e7a5,2023-08-09T18:45:50Z
3651,c890b011a383c95be0c8b20ddb688e46,2023-08-09T18:46:06Z
3652,3838c9d0095dabc22a8d68e735302e56,2023-08-09T18:46:23Z
3653,5762f0262a5d89aac996730425069391,2023-08-09T18:46:40Z
3654,c4fa029803bb3d93073cd0e24914785f,2023-08-09T18:46:56Z
3655,9995c3a17c947a15442ab87de7b5fb40,2023-08-09T18:47:13Z
3656,f771da966fbafc758bc30260a0bf0de1,2023-08-09T18:47:28Z
3657,4d1f790d6c4ee2fb7e0e5cde44e11145,2023-08-09T18:47:44Z
3658,996f353fb1ae2d6d8f4282272cf72a34,2023-08-09T18:48:01Z
3659,d62434e00660da88b321bcbe76924a1d,2023-08-09T18:48:18Z
3660,828824100283ae09daa9104ba7e2dbb9,2023-08-09T18:48:34Z
3661,1c26da9cd1a958a546f73703ce3dbf7d,2023-08-09T18:48:51Z
3662,30e65a89ec2754e9deb880773356077b,2023-08-09T18:49:08Z
3663,7012de2be83fb50b55a36a3278332aec,2023-08-09T18:49:24Z
3664,0a2bca17b3f6870e10a4bc372664e940,2023-08-09T18:49:40Z
3665,597f13b1cb547c864609efc182b23470,2023-08-09T18:49:57Z
3666,01c44c9083c6ae9fd72f650493fe1291,2023-08-09T18:50:13Z
3667,37d088f1d5e57860d97b5ad541f2c1ff,2023-08-09T18:50:31Z
3668,1e6c6d71e6c7c2a4d27a52fb5fa31d3a,2023-08-09T18:50:48Z
3669,41c8b1ea954e1f45b5a877261b975873,2023-08-09T18:51:06Z
3670,abde697570175146e5f4c3bc55750e98,2023-08-09T18:51:23Z
3671,2742c5ed23342785ef0acc9e70bd58f3,2023-08-09T18:51:39Z
3672,ef625132b97b08998e0d2d931ba1317d,2023-08-09T18:51:56Z
3673,2a932bc4064e45e82af92b3fd2b0c7a2,2023-08-09T18:52:13Z
3674,03a2b349ed7f48b88637a766a12e9e95,2023-08-09T18:52:31Z
